[{"model": "sessions.session", "pk": "lbxelzulbq79lfpsvfpl9aj6y4ocsovw", "fields": {"session_data": ".eJxVjEEOwiAQRe_C2hChQMGl-56BzDCDVA0kpV0Z765NutDtf-_9l4iwrSVunZc4k7gIJU6_G0J6cN0B3aHemkytrsuMclfkQbucGvHzerh_BwV6-dZuOFNCMoPx5JDZM7Ax2doMY_KaA6JBgmA9k7bGjiGTDnpgpWwIzon3BwtNOFI:1lCoL5:a4l_0JgCujde3N9qYYvJkZJ54CPD4I8RbSaiKUA8X0o", "expire_date": "2021-03-04T18:47:47.691Z"}}, {"model": "mainapp.productcategory", "pk": 1, "fields": {"name": "Одежда", "description": "", "is_active": true}}, {"model": "mainapp.productcategory", "pk": 2, "fields": {"name": "Обувь", "description": "", "is_active": true}}, {"model": "mainapp.productcategory", "pk": 3, "fields": {"name": "Аксессуары", "description": "", "is_active": true}}, {"model": "mainapp.productcategory", "pk": 4, "fields": {"name": "Подарки", "description": "", "is_active": true}}, {"model": "mainapp.productcategory", "pk": 5, "fields": {"name": "Новинки", "description": "", "is_active": true}}, {"model": "mainapp.productcategory", "pk": 6, "fields": {"name": "Детям", "description": "", "is_active": true}}, {"model": "mainapp.productcategory", "pk": 7, "fields": {"name": "18+", "description": "", "is_active": true}}, {"model": "mainapp.productcategory", "pk": 8, "fields": {"name": "Электроника", "description": "", "is_active": true}}, {"model": "mainapp.productcategory", "pk": 10, "fields": {"name": "Зоотовары", "description": "питание для животных, клетки, аквариумы, различные аксессуары", "is_active": true}}, {"model": "mainapp.product", "pk": 1, "fields": {"category": 1, "name": "Парка Север", "image": "products_images/IMG_efb5495170f9bc6f7a6d3e4325bc647c5d065ebd5729fbad5c76bbf43f9865a4.jpg", "short_desc": "Город Горький / Парка Север/Парка мужская зимняя", "description": "Замерз? У нас для тебя есть обновленная версия классической парки. Парка Север — это 250 г/кв. м утеплителя, накладные карманы и свободный крой! Легкая, как перышко, но надежная и непродуваемая, как скала! Удлиненная спинка прикроет тыл и не даст застудить самое ценное. Мы убрали с пояса кулиску, чтобы под курткой осталось место для крутого худи. Не забудь: носить парку на голое тело — дурной тон. В подкладке капюшона больше нет искусственного меха. Теперь ничто не будет цепляться за твою трендовую щетину. Когда надумаешь устроить большую стирку, отстегни опушку и ставь температуру не выше 30 градусов.", "price": "4826.00", "quantity": 201, "is_active": true}}, {"model": "mainapp.product", "pk": 2, "fields": {"category": 1, "name": "Куртка Зимняя", "image": "products_images/IMG_434ef3bb4261aa00d40f0e8610fe4a8590c3a3f890c8d092e318fe7825cb1345.jpg", "short_desc": "Envy Lab / Куртка Зимняя/ Пуховик зимний", "description": "Стеганая мужская куртка с утеплителем из холлофайбер хорошо сохраняет тепло. Плотный, износостойкий материал обеспечивает максимальную теплозащиту. Обладает высокими водоотталкивающими характеристиками, защищает от проникновения влаги. Гарантирует климат-контроль всего тела.. Материал адаптирован к морозам. Внутренняя Ветрозащитная планка, трикотажные манжеты и дополнительные кулиски на капюшоне защитят даже при сильном ветре и обеспечат дополнительный комфорт.", "price": "6943.00", "quantity": 301, "is_active": true}}, {"model": "mainapp.product", "pk": 3, "fields": {"category": 1, "name": "Ветровка PURSUIT JACKET", "image": "products_images/IMG_d7574c3fbcd71e9dec6232d4f762e96bd5f70a8bfcccc4e4cd66180f0368ae83.jpg", "short_desc": "Helly Hansen / Ветровка PURSUIT JACKET", "description": "Легкий мужской дождевик с яркими цветовыми блоками и крупным нанесением логотипов HELLY HANSEN спереди и сзади на капюшоне. Создана из мембранного материала Helly Tech Protection, который является водонепроницаемым, ветрозащитным и дышащим. Коэффициент водонепроницаемости до: 5000 мм водного столба. Герметичные швы, передние карманы на молнии, регулируемый капюшон и эластичные манжеты.", "price": "4720.00", "quantity": 701, "is_active": true}}, {"model": "mainapp.product", "pk": 4, "fields": {"category": 1, "name": "GEOX / Пальто", "image": "products_images/IMG_2686c5c477a39623606bdfe066c6d12545513fefafae3d267b83eb7cd36ff629.jpg", "short_desc": "GEOX / Пальто", "description": "полиэстер 100%", "price": "13306.00", "quantity": 401, "is_active": true}}, {"model": "mainapp.product", "pk": 5, "fields": {"category": 1, "name": "Дафлкот Classic", "image": "products_images/IMG_f0239ab994168ede3ea0a6b86bda0e03059aeb8f2f5bf863c7f2fcbc02136083.jpg", "short_desc": "Original Montgomery / Дафлкот Classic", "description": "В РАЗМЕРНОЙ СЕТКЕ УКАЗАН АНГЛИЙСКИЙ РАЗМЕР ПРОИЗВОДИТЕЛЯ (НЕ ЕВРОПЕЙСКИЙ), ПОЭТОМУ ОРИЕНТИРУЙТЕСЬ НА РОССИЙСКИЙ РАЗМЕР. ПАРАМЕТРЫ В СМ ОБЩИЕ НА ВСЮ ВЕРХНЮЮ ОДЕЖДУ НА ЭТОЙ ПЛОЩАДКЕ. ДЛЯ ДАННОГО БРЕНДЫ НЕ СОВСЕМ КОРРЕКТНО. Женский дафлкот (duffle coat) Оriginal Montgomery Classic классического кроя на четырёх пуговицах. Качество от производителя с 1896 года. На ярлыке каждого дафлкота Original Montgomery написано \"The world's oldest duffel coat company. Made with pride in England\". И это не пустые слова. Компания Original Montgomery является самым первым производителем дафлкотов в мире. Каждый обладатель этих пальто может быть на 100% уверен в их исключительном качестве. Петли застёжек сделаны из качественной натуральной кожи, пуговицы-клыки из рога. Женская модель дафлкота Classic Duffle имеет скрытую молнию дополнительно к застёжкам-клыкам. Капюшон удобно регулируется ремешками и пуговицами и может застегиваться для дополнительной защиты от ветра и дождя.", "price": "17550.00", "quantity": 133, "is_active": true}}, {"model": "mainapp.product", "pk": 6, "fields": {"category": 1, "name": "Карнавальный костюм \"Снегурочка вышивка\"", "image": "products_images/IMG_cfed5403d59465ef42f1a17b7c3ff510fe2d3a08aa136f00ca731fc00dcbb259.jpg", "short_desc": "Батик / Карнавальный костюм \"Снегурочка вышивка\"", "description": "текстиль 100%", "price": "4147.00", "quantity": 2001, "is_active": true}}, {"model": "mainapp.product", "pk": 7, "fields": {"category": 2, "name": "Кроссовки DURAMO SL FTWWHT", "image": "products_images/IMG_7dbc4847a18b8022af0d38c3876d27b66170f39a7c7d6b0261ceb262effc3f49.jpg", "short_desc": "adidas / Кроссовки DURAMO SL FTWWHT/FTWWHT/SIGPNK", "description": "текстиль 60%, синтетический материал 40%", "price": "2699.00", "quantity": 400, "is_active": true}}, {"model": "mainapp.product", "pk": 8, "fields": {"category": 2, "name": "Сапоги", "image": "products_images/IMG_f2af6d844a2cdeffd8b024f8e0da2b09e623f2514ecc3b263a168b39dd3931b3.jpg", "short_desc": "T.TACCARDI / Сапоги", "description": "микрофибра 100%", "price": "2499.00", "quantity": 150, "is_active": true}}, {"model": "mainapp.product", "pk": 9, "fields": {"category": 2, "name": "Угги Yose", "image": "products_images/IMG_0ab7d6125580f86073aa86f4a5dd9dd0e3731b46288d650eaacea4507f9c082c.jpg", "short_desc": "UGG / Угги Yose", "description": "натуральная кожа 65%, искусственная кожа 35%", "price": "9354.00", "quantity": 500, "is_active": true}}, {"model": "mainapp.product", "pk": 10, "fields": {"category": 2, "name": "Ботинки", "image": "products_images/IMG_698144b7db380483c09f3f4ba5cc9da83e016a5da7e2e616cb288422996dfd5b.jpg", "short_desc": "CROCS / Ботинки", "description": "Сапоги CROCS ОллКаст II Люкс Бут M.", "price": "7559.00", "quantity": 460, "is_active": true}}, {"model": "mainapp.product", "pk": 11, "fields": {"category": 2, "name": "CROCS / Сабо", "image": "products_images/IMG_6e1c964c63bdc26ccb3c886d9bbb71f6b95c80dd05c5e3513f9215d957a54d8d.jpg", "short_desc": "CROCS / Сабо", "description": "Полоса черная, полоса белая... А как насчет оранжевой? или мятной? Сабо Crocband отличает контрастная полоска на высокой литой подошве, которая придает еще больше неудержимости их спортивному духу. Невероятно легкая и комфортная модель с массажной стелькой и практичным пяточным ремешком. В этих сабо вы не почувствуете ни скуки, ни усталости! Для вашего комфорта при получении заказа, отмечаем, что на обуви обозначен американский размер. Другие международные размеры указаны на элементах упаковки.", "price": "1574.00", "quantity": 25, "is_active": true}}, {"model": "mainapp.product", "pk": 12, "fields": {"category": 2, "name": "Берцы Омон м.905", "image": "products_images/IMG_d9e53d6d741151cf5478bc7aaa05ce0c4a87474fbfb70f0e2c5fb6e873e5278c.jpg", "short_desc": "БУТЕКС / Берцы Омон м.905 зимние из натуральной кожи на нату", "description": "Зимние ботинки Омон изготовлены из натуральной хромовой кожи толщиной 1.4-1,6 мм. Высота берца 24 см. Подошва из ТЭП (термоэластопласт) клее-прошивного метода крепления. Удобная широкая колодка. В качестве утеплителя используется натуральный мех овчина. Носочная и пяточная часть ботинка для сохранения формы усилены термопластическим материалом. Эта модель удобна для людей с высоким подъёмом ноги. Глухой клапан препятствует попаданию внутрь ботинка посторонних предметов и снега. Данная модель пользуется успехом у сотрудников силовых структур и у людей, увлекающихся активными видами отдыха на природе. Для подбора размера: наш размер 36 на длину стопы 24,0см, 37р. - 24,6см, 38р. - 25,5см, 39р. - 25,9см, 40р. - 26,6см, 41р.- 27,2см, 42р. - 27,8см, 43р. - 28,4см, 44р.- 29,1см, 45р. - 29,8см, 46р. - 30,5см", "price": "2808.00", "quantity": 1000, "is_active": true}}, {"model": "mainapp.product", "pk": 13, "fields": {"category": 3, "name": "Перчатки мужские классические", "image": "products_images/IMG_94eaf46ebe4a59be361a9b6d52c28b0cc7c5c9d0a140c472e1b2e04617beb06a.jpg", "short_desc": "Malgrado / Перчатки/ Перчатки мужские классические/ Натураль", "description": "Перчатки торговой марки Malgrado из натуральной кожи на шерстяной подкладке. Отделка-декоративные швы три полоски. Нижний край перчатки окантован. Длина пальцев средняя.", "price": "823.00", "quantity": 1000, "is_active": true}}, {"model": "mainapp.product", "pk": 14, "fields": {"category": 4, "name": "Именной набор столовых приборов \"Анна\"", "image": "products_images/IMG_b18814853b84cba75f5fe509c1e1afa8b516f51bc60864cb89147ca8a15b3791.jpg", "short_desc": "BestRoyalGift / Именной набор столовых приборов \"Анна\"", "description": "Именной набор столовых приборов с лазерной гравировкой \"Анна\". Набор состоит из столовой ложки, чайной ложки и столовой вилки, а также подарочной коробки с флокированным ложементом. Столовые приборы из нержавеющей стали производства Павловского завода им. Кирова классической серии \"Тройка\" с локальным нитрид-титановым покрытием(на ручке) отличаются высоким промышленным качеством, зеркально отполированы и имеют традиционную элегантную форму и изгиб ручки. Лазерная гравировка с именем полностью безопасна и не стирается даже после нескольких лет активного использования, а главное, делает этот набор очень приятным, индивидуальным и полезным подарком, который всегда будет напоминать адресату о памятном событии или дате.", "price": "920.00", "quantity": 15, "is_active": true}}, {"model": "mainapp.product", "pk": 15, "fields": {"category": 6, "name": "Конструктор LEGO City Police", "image": "products_images/IMG_cf4dcbbdfc594104635499ae33027b81e2dcaababddd9bf4e8be548015ba1a9d.jpg", "short_desc": "LEGO / Конструктор LEGO City Police 60139 Мобильный командны", "description": "Конструктор LEGO City Police 60139 Мобильный командный центр поможет маленьким героям восстановить справедливость! Случилась неприятность: из тюрьмы, благодаря своему помощнику, сбежал опасный преступник. В наборе имеется вездеход с цепью, при помощи которой сообщник злодея выломал дверь тюрьмы и освободил подельника. Теперь нужно действовать быстро: выкатить полицейский мотоцикл, который тоже входит в конструктор, и отправиться в погоню. Верный полицейский пес оперативно возьмет след и укажет направление преследования. Данный набор станет отличным подарком на день рождения. - В комплект входит много моделей, среди которых и сам полицейский участок с тюремной камерой, и грузовик, который может его перевозить. - В качестве дополнительных транспортных средств представлены вездеход преступников и полицейский мотоцикл. - В наборе имеются минифигурки: служебная собака, полицейские и преступники. - С конструктором LEGO City Police у ребенка хорошо развивается воображение.", "price": "1799.00", "quantity": 200, "is_active": true}}, {"model": "mainapp.product", "pk": 16, "fields": {"category": 5, "name": "A.Karina / Платье", "image": "products_images/IMG_3605f40feaa5f47f54a13daee840db347886b23660a945c29e06ed773e9fae60.jpg", "short_desc": "A.Karina / Платье", "description": "Роскошное коктейльное платье с глубоким блеском сделает Вас королевой праздника в любом обществе. Платье великолепно сидит на фигурах разного типа, запАх на линии декольте делает грудь пышнее и соблазнительнее, тонкий пояс подчеркивает талию, а элегантная длина миди во французском стиле визуально вытягивает силуэт.", "price": "2804.00", "quantity": 10, "is_active": true}}, {"model": "mainapp.product", "pk": 17, "fields": {"category": 4, "name": "Подарочный набор конфет на Новый год", "image": "products_images/15857189-1.jpg", "short_desc": "Центр Сладостей / Подарочный набор конфет на Новый год, 500", "description": "Новогодний сладкий подарок 500 гр., 31 конфета. Твикс minis (1 шт), Милки вей minis (1 шт), Марс minis (1 шт), Красный Октябрь: Шоколад Аленка с воздушной начинкой вкус Крем-брюле (1 шт), Orion: Бисквит Orion \"Чоко Пай\" в шоколаде Славянка: Батончик Степ золотой (1 шт), КДВ-Групп: Мармелад \"Крут Фрут\" жевательный (1 шт), Конфета ВерSаль (1 шт), Конфета Яшкинская картошка (1 шт), Конфета Евгеша (2 шт), Конфета Белая черемуха (2 шт), Конфета Глэйс со сливочным вкусом (2 шт), Конфета Jets с печеньем (1 шт), Конфета Lusso со вкусом черной смородины (2 шт), Конфета глазированная с комбинированным корпусом Super (1 шт), Жевательная ириска Нота Бум с ореховой начинкой (2 шт), Карамель Страйк ассорти на палочке (2 шт), Конфета Мексикана (1 шт), Конфета Золотая стрекоза (2 шт), Конфета Му-муйка парное молочко (2 шт), Карамель Кремка клубника и сливки (2 шт), Карамель Кремка с молочным вкусом (2 шт).", "price": "255.00", "quantity": 501, "is_active": true}}, {"model": "mainapp.product", "pk": 18, "fields": {"category": 4, "name": "Винный бокал", "image": "products_images/14767776-1.jpg", "short_desc": "Artskills / Винный бокал Мама не бухает", "description": "Бенджамин Франклин однажды сказал Вино это доказательство того, что Бог любит нас и хочет видеть нас счастливыми. С этим согласятся все ценители благородного напитка, однако они согласятся и с тем, что процесс винопития обязательно должен быть красивым. А без специальной посуды и правильной закуски это вряд ли будет возможным.", "price": "773.00", "quantity": 100, "is_active": true}}, {"model": "mainapp.product", "pk": 19, "fields": {"category": 4, "name": "Подарочный набор бокалов", "image": "products_images/9593052-1.jpg", "short_desc": "Whiskoff / Подарочный набор бокалов", "description": "Современный и оригинальный подарочный набор для мужчин: cостоит из бокалов, изготовленных из высококачественных и безопасных материалов, предназначенных для бурбона, бренди, скотча, виски, коньяка и других алкогольных напитков в баре или дома. Для настоящих ценителей богатого вкуса, таких как ваш папа, друг, муж, брат, дедушка! Мы рады предложить вам набор из 15 предметов в креативной сувенирной шкатулке. Превосходное качество, неординарный дизайн, красивая упаковка делают подарок универсальным. Разделите важные моменты в вашей жизни с другом! День рождения, свадьба, день отца, 23 февраля, новый год, или подарок на юбилей для вашего босса, парня, жены, сестры или друзей, которые полюбят все предметы из этого набора. Сохраняйте оригинальный аромат и вкус напитка! В отличие от кубиков льда, эти охлаждающие натуральные камни не разбавляют водой ваш напиток, а охлаждают его для того, чтобы вы могли наслаждаться неразбавленным вкусом. Мы гарантируем, что ваш подарок понравится близким!", "price": "3390.00", "quantity": 50, "is_active": true}}, {"model": "mainapp.product", "pk": 20, "fields": {"category": 4, "name": "Эксмо / НЕ НОЙ", "image": "products_images/7171854-1.jpg", "short_desc": "Эксмо / НЕ НОЙ. Только тот, кто перестал сетовать на судьбу,", "description": "Если даже такая нищебродская тушка, как я сумела поправить свое финансовое положение, сможет кто угодно! - заявляет Джен Синсеро. И ей сложно не верить. До сорока с лишнем лет она жила в переделанном гараже, одевалась в секонд-хэнде и не могла себе позволить вылечить зубы. Сейчас Джен путешествует по всему миру, останавливаясь только в пятизвездочных отелях. Ее книга - это квинтэссенция методик и стратегий по перенастройке финансового мышления. Она не только снимает психологические блоки на пути к достойному доходу, но и отвешивает энергетический пинок, который придает сил для достижения самых смелых целей.", "price": "667.00", "quantity": 20, "is_active": true}}, {"model": "mainapp.product", "pk": 21, "fields": {"category": 4, "name": "Набор юного художника для рисования и творчества с мольбертом", "image": "products_images/12178365-1.jpg", "short_desc": "Shenzhen Toys and Craft / Набор юного художника для рисовани", "description": "Прекрасный подарок юным художникам, в наборе собрано более 200 предметов для рисования. Он выполнен из дерева, что гарантирует высокую прочность при использовании, в отличие от наборов из пластика. Вес 2600 грамм, размер: 35,5х30х9,5 см. Он обладает большим функционалом, имеет мольберт, две выдвижные полки и раскладывается как книга. Отлично подойдет для школьников и детей всех возрастов. Для формирования правильной осанки в набор включена подставка под бумагу, так Вашей дочке или сыну будет удобнее рисовать. В комплекте: масляная пастель - 24шт.; водная пастель (можно использовать как обычную пастель, а можно с водой) - 12шт.; цветные ударопрочные карандаши - 24шт.; двусторонние маркеры - 16шт.; подставка; ножки - 2шт; 27 карточек - трафаретов; 24 краски; 2 кисточки разных размеров; точилка; ластик; 2 карандаша HB; 35 скрепок; 3 зажима для бумаги; 36 наклеек; 20 листов А4; книжка-подсказка как раскрасить карточки. Идеальный подарок для мальчика и девочки.", "price": "3811.00", "quantity": 240, "is_active": true}}, {"model": "mainapp.product", "pk": 22, "fields": {"category": 6, "name": "Игровая приставка Xbox One S", "image": "products_images/8902760-1.jpg", "short_desc": "Microsoft / Игровая приставка Xbox One S 1TB + Forza Horizon", "description": "Игровая консоль Microsoft Xbox One S - обновлённая версия знаменитого девайса, которая значительно уменьшилась в размерах при смене поколения, но получила ряд усовершенствований. Более мощная техническая платформа позволяет ей воспроизводить видео и трёхмерную графику с разрешением 4K. Поддержка HDR значительно улучшает цветовую насыщенность изображения, а также повышает детализацию светлых и тёмных участков, делая игры ещё более реалистичными.", "price": "23990.00", "quantity": 150, "is_active": true}}, {"model": "mainapp.product", "pk": 23, "fields": {"category": 6, "name": "3D ручка MyRiwell RP100B", "image": "products_images/9963928-1.jpg", "short_desc": "MyRiwell / 3D ручка MyRiwell RP100B с набором пластика PLA 1", "description": "Для комплекта мы выбрали самую популярную и надежную в Мире 3D-ручку Myriwell RP100B, с помощью которой Вы можете создавать яркие, объемные фигуры, которым будет так рад Ваш ребенок. Функционал 3D ручки MyRiwell позволяет регулировать скорость подачи пластика и настраивать температурный режим, для комфортной работы с 3D ручкой. Набор разноцветного пластика PLA отлично подойдет не только для рисования в воздухе или на плоскости, но и для декорирования различных предметов - он быстро сохнет и с ним удобно работать. В состав набора входит пластик PLA 10 цветов по 10 м. + 20 метров пластика в подарок и набор из 20 трафаретов многоразового использования, которые помогут Вашему ребенку научиться основным приемам работы с 3D-ручкой MyRiwell RP100B. Каждый трафарет напечатан на плотной качественной мелованной. С помощью трафаретов обучение работы с 3D ручкой будет более простым и интересным, и вскоре ребенок будет готов перейти к самостоятельному пространственному рисованию.", "price": "2960.00", "quantity": 150, "is_active": true}}, {"model": "mainapp.product", "pk": 24, "fields": {"category": 5, "name": "Эксмо / НИ СЫ", "image": "products_images/5720055-1.jpg", "short_desc": "Эксмо / НИ СЫ. Будь уверен в своих силах и не позволяй сомне", "description": "Хочешь жить так, как никогда не жил - начни делать то, что никогда не делал. Главная формула саморазвития, которую можно свести к \"восточной мудрости\" - НИ СЫ. Именно к этому призывает Джен Синсеро, автор культового бестселлера, вышедшего в 28 странах и проданного общим тиражом 1 000 000 экземпляров. Ее книга - это настоящий электрошокер. Она состоит из 25 самых действенных методик саморазвития, каждая из которых, будучи проверенной Джен Синсеро на собственном опыте, дала результат. Добавьте еще соленый авторский юмор, бесшабашную дерзость, подкупающую самоиронию и получите самую мощную из существующих книг по преображению жизни.", "price": "669.00", "quantity": 0, "is_active": true}}, {"model": "mainapp.product", "pk": 25, "fields": {"category": 5, "name": "TOMMY JEANS / Куртка", "image": "products_images/17462382-1.jpg", "short_desc": "TOMMY JEANS / Куртка", "description": "полиамид 100%", "price": "23990.00", "quantity": 50, "is_active": true}}, {"model": "mainapp.product", "pk": 26, "fields": {"category": 3, "name": "Forte / Ремень", "image": "products_images/17231532-1.jpg", "short_desc": "Forte / Ремень", "description": "Женский джинсовый ремень из натуральной кожи с тиснением \"Цветы\". Модель идеально подойдет для повседневного образа с брюками или джинсами, а так же отлично дополнит любой наряд в женственном платье. Полотно ремня матовое. Ширина - 3.5 см. Возможна самостоятельная регулировка длины ремня. Пряжка классическая. Вид пряжки может незначительно отличаться от представленного на фотографии. Изделие упаковано в фирменную подарочную коробку FORTE.", "price": "560.00", "quantity": 15, "is_active": true}}, {"model": "mainapp.product", "pk": 27, "fields": {"category": 3, "name": "Legna / Компьютерные очки Legna унисекс S6206A для компьютера", "image": "products_images/IMG_c4aaec18c691fb62c021bd5f67bd3bcb8d15a288eca2f9a2028c6c603cb619fa.jpg", "short_desc": "Legna / Компьютерные очки Legna унисекс S6206A для компьютер", "description": "Компьютерные очки Legna со специальными линзами Nano-Blue блокируют вредный синий свет, сохраняя баланс и контрастность остальных цветов. Это позволяет снимать зрительное утомление, дискомфорт человека, контактирующего с мониторами компьютеров и прочих устройств. Компьютерные очки Legna повышают контрастность и улучшают восприятие предметов за счет уменьшения светопропускания синего диапазона волн при вождении автомобиля в темное время суток. Именно этот свет исходит от фар встречных машин и вызывает усталость и сухость глаз за рулем. Таким образом, мы рекомендуем носить компьютерные очки Legna с линзами Nano-Blue: 1. Детям, школьникам, студентам, которые проводят большое количество времени за экранами цифровых устройств. 2. Офисным работникам. 3. Водителям 4. Людям старше 55 лет, использующим цифровые устройства.", "price": "1479.00", "quantity": 500, "is_active": true}}, {"model": "mainapp.product", "pk": 28, "fields": {"category": 10, "name": "Игровой комплекс \"Комфорт два домика +гамак \"", "image": "products_images/IMG_bc173263ee1b554a6975f531258f28e50d8fe5de2331bdf778283e6df64ecf2f.jpg", "short_desc": "Pet БМФ / Игровой комплекс \"Комфорт два домика +гамак \" для", "description": "Комплекс подойдет большинству пород кошек, в нем могут сразу жить, играть, спать и отдыхать несколько кошек, при этом не мешая друг другу. Он имеет удобное расположение элементов для беспрепятственного перемещения с верху в низ и наоборот. А также устойчивую и крепкую конструкцию. Этот Комплекс отлично подойдет как для активных кошек, так и для пассивных. Особенности модели \"Комфорт два домика +гамак: -Размеры комплекса (Длина х Глубина х Высота): 75 х 50 х 161 см -Множество мест для игр: Уютный гамак, шар и сизаль канат и т.д. Достаточно большой для вашего большой кошки и в то же время будет очень интересным для котенка. -Качественное Мехово покрытие: состоит из высококачественного мехового материала, который очень мягкий и приятный. - Комплекс гармонично впишется в любой интерьер дома, как часть мебели. Он спроектирован так что его легко может собрать даже девушка, которая до этого не когда не собирала мебель. Инструкция и все детали для сборки в комплекте.", "price": "14998.00", "quantity": 11, "is_active": true}}, {"model": "mainapp.product", "pk": 29, "fields": {"category": 10, "name": "Массажная рукавица для груминга", "image": "products_images/IMG_63447d42ebcb002bcb42800f21d4f4ce94fcf885ec74092f543db2a4689dfcb0.jpg", "short_desc": "Перчатка щетка / варежка для вычесывания шерсти у кошек", "description": "Щетка-перчатка для вычесывания шерсти оснащена 255 улучшенными силиконовыми насадками, имитирующими прикосновение руки, для мягкого и расслабляющего массажа Вашего питомца во время груминга! Эта гибкая перчатка на застежке-липучке вокруг запястья позволяет идеально зафиксировать щетку на любой руке и вычесывать длинную и/или пушистую шерсть кошек и собак. Эта перчатка с силиконовым слоем насадок идеально подходит для домашнего ухода за любой длиной и вьющейся шерстью животных, делая процедуру обоюдно приятной. Вся вычесанная шерсть остается на перчатке, откуда затем ее легко можно удалить и помыть перчатку. С помощью этой перчатки для животных можно эффективно мыть кошек и собак: изделие заменит обычную мочалку или щетку, которую неудобно держать во время мытья. Дизайн перчатки с пятью пальцами позволяет ухаживать за труднодоступными местами, такими как хвост или морда, не повреждая кожу питомца. Мягкая резина обеспечивает нежный массаж и уход без болезненных ощущений и царапин.", "price": "303.00", "quantity": 201, "is_active": true}}, {"model": "authapp.shopuser", "pk": 1, "fields": {"password": "pbkdf2_sha256$216000$6u4eEGlNom5l$c8r68qaX0+6W5EOd/CknVa+Nr8x6eC+iJCmjJNC/vEo=", "last_login": "2021-02-18T18:47:47.489Z", "is_superuser": true, "username": "admin", "first_name": "", "last_name": "", "email": "", "is_staff": true, "is_active": true, "date_joined": "2021-02-18T18:46:47.533Z", "avatar": "users_avatars/17599696-1.jpg", "age": 18, "birthday": null, "activate_key": null, "activate_key_expires": "2021-02-20T18:46:34.888Z", "groups": [], "user_permissions": []}}, {"model": "authapp.shopuserprofile", "pk": 1, "fields": {"user": 1, "tagline": "", "about_me": "", "gender": "M"}}, {"model": "ordersapp.order", "pk": 1, "fields": {"user": 1, "created": "2021-02-18T18:49:04.823Z", "updated": "2021-02-18T18:49:05.080Z", "status": "FM", "is_active": true}}, {"model": "ordersapp.order", "pk": 2, "fields": {"user": 1, "created": "2021-02-18T18:58:30.695Z", "updated": "2021-02-18T18:58:31.724Z", "status": "FM", "is_active": true}}, {"model": "ordersapp.orderitem", "pk": 1, "fields": {"order": 1, "product": 17, "quantity": 1}}, {"model": "ordersapp.orderitem", "pk": 2, "fields": {"order": 2, "product": 29, "quantity": 1}}, {"model": "ordersapp.orderitem", "pk": 3, "fields": {"order": 2, "product": 28, "quantity": 1}}, {"model": "ordersapp.orderitem", "pk": 4, "fields": {"order": 2, "product": 6, "quantity": 1}}, {"model": "ordersapp.orderitem", "pk": 5, "fields": {"order": 2, "product": 3, "quantity": 1}}, {"model": "ordersapp.orderitem", "pk": 6, "fields": {"order": 2, "product": 1, "quantity": 1}}, {"model": "ordersapp.orderitem", "pk": 7, "fields": {"order": 2, "product": 2, "quantity": 1}}, {"model": "ordersapp.orderitem", "pk": 8, "fields": {"order": 2, "product": 4, "quantity": 1}}, {"model": "ordersapp.orderitem", "pk": 9, "fields": {"order": 2, "product": 5, "quantity": 1}}]